Task ID,Task Name,Task Object Name,Task Type,Task Run ID,Project Name,Folder Name,Org ID,Environment ID,Environment,Cores Used,Start Time,End Time,Status,Metered Value,Audit Time,OBM Task Time(s)
000QML0Z0000000001HW,VGN_paramsetcli_MappingTask10,null,MTT,4,vihasitha_test,,80bTjaasFejbEkQynNFnyT,1QO6mK4AcQFdVOzuNNpsEH,vg-linux-vm.informatica.com,0.0,2024-01-06 06:18:19.0,2024-01-06 06:18:32.0,ERROR,0.003611,2024-01-06 07:11:13.0,0
000QML0Z0000000001HW,VGN_paramsetcli_MappingTask10,null,MTT,5,vihasitha_test,,80bTjaasFejbEkQynNFnyT,1QO6mK4AcQFdVOzuNNpsEH,vg-linux-vm.informatica.com,0.0,2024-01-06 06:55:03.0,2024-01-06 06:55:22.0,SUCCESS,0.005278,2024-01-06 07:11:13.0,0
000QML0Z0000000001HW,VGN_paramsetcli_MappingTask10,null,MTT,6,vihasitha_test,,80bTjaasFejbEkQynNFnyT,1QO6mK4AcQFdVOzuNNpsEH,vg-linux-vm.informatica.com,0.0,2024-01-06 07:22:06.0,2024-01-06 07:22:20.0,SUCCESS,0.003889,2024-01-06 08:11:14.0,0
000QML0Z0000000001HW,VGN_paramsetcli_MappingTask10,null,MTT,8,vihasitha_test,,80bTjaasFejbEkQynNFnyT,1QO6mK4AcQFdVOzuNNpsEH,vg-linux-vm.informatica.com,0.0,2024-01-06 07:33:53.0,2024-01-06 07:34:09.0,SUCCESS,0.004444,2024-01-06 08:11:14.0,0
000QML0Z0000000001HW,VGN_paramsetcli_MappingTask10,null,MTT,10,vihasitha_test,,80bTjaasFejbEkQynNFnyT,1QO6mK4AcQFdVOzuNNpsEH,vg-linux-vm.informatica.com,0.0,2024-01-06 17:05:00.0,2024-01-06 17:05:07.0,SUCCESS,0.001944,2024-01-06 17:11:43.0,0
000QML0Z0000000001HW,VGN_paramsetcli_MappingTask10,null,MTT,12,vihasitha_test,,80bTjaasFejbEkQynNFnyT,1QO6mK4AcQFdVOzuNNpsEH,vg-linux-vm.informatica.com,0.0,2024-01-08 02:04:50.0,2024-01-08 02:05:10.0,SUCCESS,0.005556,2024-01-08 02:11:39.0,0
000QML0Z0000000001HX,M_Suswara_Oracle_2_Oracle,null,MTT_TEST,1,Default,,80bTjaasFejbEkQynNFnyT,1QO6mK4AcQFdVOzuNNpsEH,vg-linux-vm.informatica.com,0.0,2024-01-09 08:00:30.0,2024-01-09 08:00:49.0,SUCCESS,0.005278,2024-01-09 08:11:19.0,0
000QML0Z0000000001HX,M_Suswara_Oracle_2_Oracle,null,MTT_TEST,2,Default,,80bTjaasFejbEkQynNFnyT,1QO6mK4AcQFdVOzuNNpsEH,vg-linux-vm.informatica.com,0.0,2024-01-09 08:01:22.0,2024-01-09 08:01:36.0,SUCCESS,0.003889,2024-01-09 08:11:19.0,0
000QML0Z0000000001HN,VGN_Redshift_initial_MappingTask,null,MTT,5,vihasitha_test,,80bTjaasFejbEkQynNFnyT,1QO6mK4AcQFdVOzuNNpsEH,vg-linux-vm.informatica.com,0.0,2024-01-09 11:07:47.0,2024-01-09 11:08:18.0,ERROR,0.008611,2024-01-09 11:11:26.0,0
000QML0Z0000000001HN,VGN_Redshift_initial_MappingTask,null,MTT,3,vihasitha_test,,80bTjaasFejbEkQynNFnyT,1QO6mK4AcQFdVOzuNNpsEH,vg-linux-vm.informatica.com,0.0,2024-01-09 10:51:43.0,2024-01-09 10:51:55.0,ERROR,0.003333,2024-01-09 11:11:26.0,0
000QML0Z0000000001HN,VGN_Redshift_initial_MappingTask,null,MTT,4,vihasitha_test,,80bTjaasFejbEkQynNFnyT,1QO6mK4AcQFdVOzuNNpsEH,vg-linux-vm.informatica.com,0.0,2024-01-09 11:05:06.0,2024-01-09 11:05:42.0,ERROR,0.01,2024-01-09 11:11:26.0,0
000QML0Z0000000001HW,VGN_paramsetcli_MappingTask10,null,MTT,16,vihasitha_test,,80bTjaasFejbEkQynNFnyT,1QO6mK4AcQFdVOzuNNpsEH,vg-linux-vm.informatica.com,0.0,2024-01-10 03:35:19.0,2024-01-10 03:35:33.0,ERROR,0.003889,2024-01-10 04:11:27.0,0
000QML0Z0000000001HW,VGN_paramsetcli_MappingTask10,null,MTT,17,vihasitha_test,,80bTjaasFejbEkQynNFnyT,1QO6mK4AcQFdVOzuNNpsEH,vg-linux-vm.informatica.com,0.0,2024-01-10 03:40:23.0,2024-01-10 03:40:36.0,SUCCESS,0.003611,2024-01-10 04:11:27.0,0
000QML0Z0000000001FW,vgn_runtest_MT,null,MTT,6,Default,,80bTjaasFejbEkQynNFnyT,1QO6mK4AcQFdVOzuNNpsEH,vg-linux-vm.informatica.com,0.001998800719568,2024-01-10 13:58:19.0,2024-01-10 13:58:56.0,ERROR,0.010278,2024-01-10 14:11:55.0,0
000QML0Z0000000001FW,vgn_runtest_MT,null,MTT,5,Default,,80bTjaasFejbEkQynNFnyT,1QO6mK4AcQFdVOzuNNpsEH,vg-linux-vm.informatica.com,0.001999600079984,2024-01-10 13:27:19.0,2024-01-10 13:27:56.0,ERROR,0.010278,2024-01-10 14:11:55.0,0
000QML0Z0000000001FW,vgn_runtest_MT,null,MTT,7,Default,,80bTjaasFejbEkQynNFnyT,1QO6mK4AcQFdVOzuNNpsEH,vg-linux-vm.informatica.com,0.001999200319872,2024-01-10 14:01:11.0,2024-01-10 14:01:47.0,ERROR,0.01,2024-01-10 14:11:55.0,0
000QML0Z0000000001HF,M_Ingress_D365_Incremental_AccountAPI_Infa,null,MTT_TEST,6,JJW,IncrementalIngressJobs,80bTjaasFejbEkQynNFnyT,gkwlDzlNHukciy9SCCDYSz,Informatica Cloud Hosted Agent,0.737852429514097,2024-01-18 10:10:20.0,2024-01-18 10:13:40.0,ERROR,0.055556,2024-01-18 11:11:21.0,0
000QML0Z0000000001HW,VGN_paramsetcli_MappingTask10,null,MTT,19,vihasitha_test,,80bTjaasFejbEkQynNFnyT,1QO6mK4AcQFdVOzuNNpsEH,vg-linux-vm.informatica.com,0.0,2024-01-30 09:49:05.0,2024-01-30 09:49:16.0,SUCCESS,0.003056,2024-01-30 10:11:24.0,0
000QML0Z0000000001HD,vgn_gcstest_MappingTask10,null,MTT,10,Default,,80bTjaasFejbEkQynNFnyT,3wtAMqArHpjdihnAbf7tiM,vg_windows_local,0.0,2024-01-30 09:20:01.0,2024-01-30 09:25:00.0,ERROR,0.083056,2024-01-30 10:11:24.0,0
000QML0Z0000000001HW,VGN_paramsetcli_MappingTask10,null,MTT,18,vihasitha_test,,80bTjaasFejbEkQynNFnyT,1QO6mK4AcQFdVOzuNNpsEH,vg-linux-vm.informatica.com,0.0,2024-01-30 09:21:05.0,2024-01-30 09:21:19.0,SUCCESS,0.003889,2024-01-30 10:11:24.0,0
000QML0Z0000000001FU,VGN_MappingTask4,null,MTT,3,Default,,80bTjaasFejbEkQynNFnyT,3wtAMqArHpjdihnAbf7tiM,vg_windows_local,0.0,2024-01-30 09:49:23.0,2024-01-30 09:49:41.0,ERROR,0.005,2024-01-30 10:11:24.0,0
000QML0Z0000000001FW,vgn_runtest_MT,null,MTT,8,Default,,80bTjaasFejbEkQynNFnyT,1QO6mK4AcQFdVOzuNNpsEH,vg-linux-vm.informatica.com,0.003999200159968,2024-01-30 09:19:10.0,2024-01-30 09:24:36.0,SUCCESS,0.090556,2024-01-30 10:11:24.0,0
000QML0Z0000000001FU,VGN_MappingTask4,null,MTT,2,Default,,80bTjaasFejbEkQynNFnyT,3wtAMqArHpjdihnAbf7tiM,vg_windows_local,0.0,2024-01-30 09:24:02.0,2024-01-30 09:24:37.0,ERROR,0.009722,2024-01-30 10:11:24.0,0
000QML0Z0000000001HL,mct_FlatFIle_FolderOverride,null,MTT,6,JJW,Case04589051,80bTjaasFejbEkQynNFnyT,6Jx5PuaV2WIlVSuPKZPjej,JJ_Linux_repro,0.0,2024-01-30 09:55:38.0,2024-01-30 09:55:43.0,SUCCESS,0.001389,2024-01-30 10:11:24.0,0
000QML0Z0000000001FU,VGN_MappingTask4,null,MTT,5,Default,,80bTjaasFejbEkQynNFnyT,3wtAMqArHpjdihnAbf7tiM,vg_windows_local,0.0,2024-01-30 10:01:58.0,2024-01-30 10:02:14.0,ERROR,0.004444,2024-01-30 10:11:24.0,0
000QML0Z0000000001FU,VGN_MappingTask4,null,MTT,4,Default,,80bTjaasFejbEkQynNFnyT,3wtAMqArHpjdihnAbf7tiM,vg_windows_local,0.0,2024-01-30 09:57:28.0,2024-01-30 09:57:46.0,ERROR,0.005,2024-01-30 10:11:24.0,0
000QML0Z0000000001HW,VGN_paramsetcli_MappingTask10,null,MTT,20,vihasitha_test,,80bTjaasFejbEkQynNFnyT,1QO6mK4AcQFdVOzuNNpsEH,vg-linux-vm.informatica.com,0.0,2024-02-08 04:49:22.0,2024-02-08 04:49:31.0,SUCCESS,0.0025,2024-02-08 05:11:34.0,0
000QML0Z0000000001HW,VGN_paramsetcli_MappingTask10,null,MTT,21,vihasitha_test,,80bTjaasFejbEkQynNFnyT,1QO6mK4AcQFdVOzuNNpsEH,vg-linux-vm.informatica.com,0.0,2024-02-08 06:48:08.0,2024-02-08 06:48:18.0,SUCCESS,0.002778,2024-02-08 07:11:22.0,0
000QML170000000001CT,Mapping66,null,MTT_DP,1,vihasitha_test,,80bTjaasFejbEkQynNFnyT,1QO6mK4AcQFdVOzuNNpsEH,vg-linux-vm.informatica.com,1.754596322941647,2024-02-08 09:19:08.0,2024-02-08 09:19:39.0,SUCCESS,0.008611,2024-02-08 10:11:29.0,0
000QML0Z0000000001HW,VGN_paramsetcli_MappingTask10,null,MTT,22,vihasitha_test,,80bTjaasFejbEkQynNFnyT,1QO6mK4AcQFdVOzuNNpsEH,vg-linux-vm.informatica.com,0.0,2024-02-08 10:16:02.0,2024-02-08 10:16:09.0,SUCCESS,0.001944,2024-02-08 11:11:26.0,0
000QML0Z0000000001HW,VGN_paramsetcli_MappingTask10,null,MTT,23,vihasitha_test,,80bTjaasFejbEkQynNFnyT,1QO6mK4AcQFdVOzuNNpsEH,vg-linux-vm.informatica.com,0.0,2024-02-08 10:21:02.0,2024-02-08 10:21:10.0,SUCCESS,0.002222,2024-02-08 11:11:26.0,0
000QML0Z0000000001IP,VGN_MSDCRM_Mappingtask,null,MTT,1,vihasitha_newproject,,80bTjaasFejbEkQynNFnyT,3wtAMqArHpjdihnAbf7tiM,vg_windows_local,0.527297994838197,2024-02-22 06:03:28.0,2024-02-22 06:06:07.0,SUCCESS,0.044167,2024-02-22 06:11:22.0,0
000QML0Z0000000001IP,VGN_MSDCRM_Mappingtask,null,MTT,2,vihasitha_newproject,,80bTjaasFejbEkQynNFnyT,3wtAMqArHpjdihnAbf7tiM,vg_windows_local,1.487949427103912,2024-02-22 06:31:33.0,2024-02-22 06:34:47.0,SUCCESS,0.053889,2024-02-22 07:11:19.0,0
000QML0Z0000000001IP,VGN_MSDCRM_Mappingtask,null,MTT,3,vihasitha_newproject,,80bTjaasFejbEkQynNFnyT,3wtAMqArHpjdihnAbf7tiM,vg_windows_local,0.0,2024-02-22 08:40:04.0,2024-02-22 08:44:53.0,SUCCESS,0.080278,2024-02-22 09:11:24.0,0
000QML0Z0000000001IP,VGN_MSDCRM_Mappingtask,null,MTT,4,vihasitha_newproject,,80bTjaasFejbEkQynNFnyT,3wtAMqArHpjdihnAbf7tiM,vg_windows_local,0.560110913052089,2024-02-22 08:53:49.0,2024-02-22 08:54:20.0,SUCCESS,0.008611,2024-02-22 09:11:24.0,0
000QML0Z0000000001IP,VGN_MSDCRM_Mappingtask,null,MTT,7,vihasitha_newproject,,80bTjaasFejbEkQynNFnyT,3wtAMqArHpjdihnAbf7tiM,vg_windows_local,1.316312338565468,2024-02-22 09:25:46.0,2024-02-22 09:26:35.0,SUCCESS,0.013611,2024-02-22 10:11:28.0,0
000QML0Z0000000001IP,VGN_MSDCRM_Mappingtask,null,MTT,9,vihasitha_newproject,,80bTjaasFejbEkQynNFnyT,3wtAMqArHpjdihnAbf7tiM,vg_windows_local,1.17485577879451,2024-02-22 09:39:55.0,2024-02-22 09:40:28.0,SUCCESS,0.009167,2024-02-22 10:11:28.0,0
000QML0Z0000000001IP,VGN_MSDCRM_Mappingtask,null,MTT,5,vihasitha_newproject,,80bTjaasFejbEkQynNFnyT,3wtAMqArHpjdihnAbf7tiM,vg_windows_local,1.512621745179885,2024-02-22 09:13:22.0,2024-02-22 09:15:20.0,SUCCESS,0.032778,2024-02-22 10:11:28.0,0
000QML0Z0000000001IP,VGN_MSDCRM_Mappingtask,null,MTT,6,vihasitha_newproject,,80bTjaasFejbEkQynNFnyT,3wtAMqArHpjdihnAbf7tiM,vg_windows_local,1.272997620935765,2024-02-22 09:15:58.0,2024-02-22 09:16:36.0,SUCCESS,0.010556,2024-02-22 10:11:28.0,0
000QML0Z0000000001IR,Mapping74,null,MTT_TEST,1,vihasitha_newproject,,80bTjaasFejbEkQynNFnyT,3wtAMqArHpjdihnAbf7tiM,vg_windows_local,1.157497517378351,2024-02-22 12:52:35.0,2024-02-22 12:57:06.0,SUCCESS,0.075278,2024-02-22 13:11:36.0,0
000QML0Z0000000001IR,Mapping74,null,MTT_TEST,2,vihasitha_newproject,,80bTjaasFejbEkQynNFnyT,3wtAMqArHpjdihnAbf7tiM,vg_windows_local,1.241042993630573,2024-02-22 13:14:32.0,2024-02-22 13:18:22.0,WARNING,0.063889,2024-02-22 14:11:34.0,0
000QML0Z0000000001IQ,Mapping74_test,null,MTT_TEST,4,vihasitha_test,,80bTjaasFejbEkQynNFnyT,3wtAMqArHpjdihnAbf7tiM,vg_windows_local,0.873822605965463,2024-02-22 16:07:07.0,2024-02-22 16:09:43.0,WARNING,0.043333,2024-02-22 16:11:26.0,0
000QML0Z0000000001IQ,Mapping74_test,null,MTT_TEST,2,vihasitha_test,,80bTjaasFejbEkQynNFnyT,3wtAMqArHpjdihnAbf7tiM,vg_windows_local,1.201988071570577,2024-02-22 15:59:18.0,2024-02-22 16:01:40.0,ERROR,0.039444,2024-02-22 16:11:26.0,0
000QML0Z0000000001IQ,Mapping74_test,null,MTT_TEST,9,vihasitha_test,,80bTjaasFejbEkQynNFnyT,3wtAMqArHpjdihnAbf7tiM,vg_windows_local,0.842554035296451,2024-02-22 16:48:44.0,2024-02-22 16:51:16.0,WARNING,0.042222,2024-02-22 17:11:29.0,0
000QML0Z0000000001IQ,Mapping74_test,null,MTT_TEST,11,vihasitha_test,,80bTjaasFejbEkQynNFnyT,3wtAMqArHpjdihnAbf7tiM,vg_windows_local,0.944135188866799,2024-02-22 17:04:05.0,2024-02-22 17:06:37.0,WARNING,0.042222,2024-02-22 17:11:29.0,0
000QML0Z0000000001IQ,Mapping74_test,null,MTT_TEST,7,vihasitha_test,,80bTjaasFejbEkQynNFnyT,3wtAMqArHpjdihnAbf7tiM,vg_windows_local,1.136300417246175,2024-02-22 16:23:16.0,2024-02-22 16:25:52.0,WARNING,0.043333,2024-02-22 17:11:29.0,0
000QML0Z0000000001IQ,Mapping74_test,null,MTT_TEST,10,vihasitha_test,,80bTjaasFejbEkQynNFnyT,3wtAMqArHpjdihnAbf7tiM,vg_windows_local,0.679848966613672,2024-02-22 16:52:14.0,2024-02-22 16:54:47.0,WARNING,0.0425,2024-02-22 17:11:29.0,0
000QML0Z0000000001IQ,Mapping74_test,null,MTT_TEST,5,vihasitha_test,,80bTjaasFejbEkQynNFnyT,3wtAMqArHpjdihnAbf7tiM,vg_windows_local,0.875596184419714,2024-02-22 16:13:50.0,2024-02-22 16:16:25.0,WARNING,0.043056,2024-02-22 17:11:29.0,0
000QML0Z0000000001IQ,Mapping74_test,null,MTT_TEST,8,vihasitha_test,,80bTjaasFejbEkQynNFnyT,3wtAMqArHpjdihnAbf7tiM,vg_windows_local,0.845894486314954,2024-02-22 16:40:32.0,2024-02-22 16:43:15.0,WARNING,0.045278,2024-02-22 17:11:29.0,0
000QML0Z0000000001IQ,Mapping74_test,null,MTT_TEST,6,vihasitha_test,,80bTjaasFejbEkQynNFnyT,3wtAMqArHpjdihnAbf7tiM,vg_windows_local,0.700456258678834,2024-02-22 16:18:10.0,2024-02-22 16:21:02.0,WARNING,0.047778,2024-02-22 17:11:29.0,0
000QML0Z0000000001IQ,Mapping74_test,null,MTT_TEST,12,vihasitha_test,,80bTjaasFejbEkQynNFnyT,3wtAMqArHpjdihnAbf7tiM,vg_windows_local,0.0,2024-02-22 17:18:37.0,2024-02-22 17:21:03.0,ERROR,0.040556,2024-02-22 18:11:30.0,0
000QML0Z0000000001IQ,Mapping74_test,null,MTT_TEST,13,vihasitha_test,,80bTjaasFejbEkQynNFnyT,3wtAMqArHpjdihnAbf7tiM,vg_windows_local,0.843787217149663,2024-02-22 17:22:29.0,2024-02-22 17:25:05.0,WARNING,0.043333,2024-02-22 18:11:30.0,0
000QML0Z0000000001IS,VGN_READ_MSDCRM_LOG,null,MTT,3,vihasitha_test,,80bTjaasFejbEkQynNFnyT,3wtAMqArHpjdihnAbf7tiM,vg_windows_local,1.130650277557494,2024-02-23 11:03:27.0,2024-02-23 11:06:14.0,SUCCESS,0.046389,2024-02-23 11:11:27.0,0
000QML0Z0000000001IS,VGN_READ_MSDCRM_LOG,null,MTT,2,vihasitha_test,,80bTjaasFejbEkQynNFnyT,3wtAMqArHpjdihnAbf7tiM,vg_windows_local,1.559207920792079,2024-02-23 10:59:16.0,2024-02-23 11:02:22.0,SUCCESS,0.051667,2024-02-23 11:11:27.0,0
000QML0Z0000000001IU,Mapping88,null,MTT_TEST,1,vihasitha_test,,80bTjaasFejbEkQynNFnyT,3wtAMqArHpjdihnAbf7tiM,vg_windows_local,1.654679117822372,2024-02-23 11:38:06.0,2024-02-23 11:41:34.0,SUCCESS,0.057778,2024-02-23 12:11:24.0,0
000QML0Z0000000001IT,VGN_READ2_MSD_TEAM,null,MTT,1,vihasitha_test,,80bTjaasFejbEkQynNFnyT,3wtAMqArHpjdihnAbf7tiM,vg_windows_local,1.230019880715706,2024-02-23 11:13:32.0,2024-02-23 11:16:18.0,SUCCESS,0.046111,2024-02-23 12:11:24.0,0
000QML0Z0000000001IU,Mapping88,null,MTT_TEST,2,vihasitha_test,,80bTjaasFejbEkQynNFnyT,3wtAMqArHpjdihnAbf7tiM,vg_windows_local,2.034386801828662,2024-02-23 12:56:25.0,2024-02-23 13:00:21.0,WARNING,0.065556,2024-02-23 13:11:33.0,0
000QML0Z0000000001IQ,Mapping74_test,null,MTT_TEST,14,vihasitha_test,,80bTjaasFejbEkQynNFnyT,3wtAMqArHpjdihnAbf7tiM,vg_windows_local,0.631714568880079,2024-02-25 16:56:00.0,2024-02-25 17:01:02.0,WARNING,0.083889,2024-02-25 17:11:18.0,0
000QML0Z0000000001IR,Mapping74,null,MTT_TEST,4,vihasitha_newproject,,80bTjaasFejbEkQynNFnyT,3wtAMqArHpjdihnAbf7tiM,vg_windows_local,0.0,2024-02-25 16:54:16.0,2024-02-25 16:57:11.0,ERROR,0.048611,2024-02-25 17:11:18.0,0
000QML0Z0000000001IV,VGN_MSD_MappingTask12_new,null,MTT,1,vihasitha_test,,80bTjaasFejbEkQynNFnyT,3wtAMqArHpjdihnAbf7tiM,vg_windows_local,0.773558648111332,2024-02-25 17:31:42.0,2024-02-25 17:33:40.0,SUCCESS,0.032778,2024-02-25 18:11:22.0,0
000QML0Z0000000001IQ,Mapping74_test,null,MTT_TEST,15,vihasitha_test,,80bTjaasFejbEkQynNFnyT,3wtAMqArHpjdihnAbf7tiM,vg_windows_local,1.201593625498008,2024-02-26 04:39:26.0,2024-02-26 04:42:07.0,WARNING,0.044722,2024-02-26 05:11:22.0,0
000QML0Z0000000001IX,Mapping87,null,MTT_TEST,1,vihasitha_test,,80bTjaasFejbEkQynNFnyT,3wtAMqArHpjdihnAbf7tiM,vg_windows_local,0.948234827449425,2024-02-26 05:30:35.0,2024-02-26 05:33:23.0,SUCCESS,0.046667,2024-02-26 06:11:16.0,0
000QML0Z0000000001IY,VGN_test_MappingTask12,null,MTT,1,vihasitha_test,,80bTjaasFejbEkQynNFnyT,3wtAMqArHpjdihnAbf7tiM,vg_windows_local,1.294562836088429,2024-02-26 14:50:12.0,2024-02-26 14:52:56.0,SUCCESS,0.045556,2024-02-26 15:11:25.0,0
000QML0Z0000000001IZ,VGN_MSDCRM_Mapping92,null,MTT_TEST,1,vihasitha_test,,80bTjaasFejbEkQynNFnyT,3wtAMqArHpjdihnAbf7tiM,vg_windows_local,1.302779420461265,2024-02-26 15:00:48.0,2024-02-26 15:04:02.0,SUCCESS,0.053889,2024-02-26 15:11:25.0,0
000QML0Z0000000001J0,Mapping92,null,MTT_TEST,2,vihasitha_test,,80bTjaasFejbEkQynNFnyT,3wtAMqArHpjdihnAbf7tiM,vg_windows_local,0.914302717714739,2024-02-26 15:26:15.0,2024-02-26 15:28:48.0,WARNING,0.0425,2024-02-26 16:11:23.0,0
000QML0Z0000000001IZ,VGN_MSDCRM_Mapping92,null,MTT_TEST,2,vihasitha_test,,80bTjaasFejbEkQynNFnyT,3wtAMqArHpjdihnAbf7tiM,vg_windows_local,0.830117366222399,2024-02-26 15:21:12.0,2024-02-26 15:24:24.0,SUCCESS,0.053333,2024-02-26 16:11:23.0,0
000QML0Z0000000001J0,Mapping92,null,MTT_TEST,1,vihasitha_test,,80bTjaasFejbEkQynNFnyT,3wtAMqArHpjdihnAbf7tiM,vg_windows_local,1.158230370665604,2024-02-26 15:16:16.0,2024-02-26 15:19:50.0,SUCCESS,0.059444,2024-02-26 16:11:23.0,0
000QML0Z0000000001J0,Mapping92,null,MTT_TEST,3,vihasitha_test,,80bTjaasFejbEkQynNFnyT,3wtAMqArHpjdihnAbf7tiM,vg_windows_local,0.57455268389662,2024-02-26 15:29:49.0,2024-02-26 15:32:00.0,WARNING,0.036389,2024-02-26 16:11:23.0,0
000QML0Z0000000001IZ,VGN_MSDCRM_Mapping92,null,MTT_TEST,3,vihasitha_test,,80bTjaasFejbEkQynNFnyT,3wtAMqArHpjdihnAbf7tiM,vg_windows_local,0.577129243597379,2024-02-27 12:04:42.0,2024-02-27 12:07:19.0,SUCCESS,0.043611,2024-02-27 12:11:32.0,0
000QML0Z0000000001J0,Mapping92,null,MTT_TEST,4,vihasitha_test,,80bTjaasFejbEkQynNFnyT,3wtAMqArHpjdihnAbf7tiM,vg_windows_local,0.800436854646545,2024-02-27 11:05:02.0,2024-02-27 11:51:24.0,SUCCESS,0.772778,2024-02-27 12:11:32.0,0
000QML0Z0000000001J2,VGN_CRMREAD_MappingTask,null,MTT,1,vihasitha_test,,80bTjaasFejbEkQynNFnyT,3wtAMqArHpjdihnAbf7tiM,vg_windows_local,1.692705227588948,2024-02-27 14:39:52.0,2024-02-27 14:43:03.0,SUCCESS,0.053056,2024-02-27 15:11:19.0,0
000QML0Z0000000001J4,mct_Case04619935_ByteLength_Sample,null,MTT,3,Jeffline,,80bTjaasFejbEkQynNFnyT,6Jx5PuaV2WIlVSuPKZPjej,JJ_Linux_repro,0.0,2024-03-01 11:56:20.0,2024-03-01 11:56:38.0,SUCCESS,0.005,2024-03-01 12:11:34.0,0
000QML0Z0000000001J4,mct_Case04619935_ByteLength_Sample,null,MTT,2,Jeffline,,80bTjaasFejbEkQynNFnyT,6Jx5PuaV2WIlVSuPKZPjej,JJ_Linux_repro,0.0,2024-03-01 11:51:01.0,2024-03-01 11:51:17.0,SUCCESS,0.004444,2024-03-01 12:11:34.0,0
000QML0Z0000000001J4,mct_Case04619935_ByteLength_Sample,null,MTT,4,Jeffline,,80bTjaasFejbEkQynNFnyT,6Jx5PuaV2WIlVSuPKZPjej,JJ_Linux_repro,0.0,2024-03-01 12:07:46.0,2024-03-01 12:08:04.0,SUCCESS,0.005,2024-03-01 12:11:34.0,0
000QML0Z0000000001J4,mct_Case04619935_ByteLength_Sample,null,MTT,1,Jeffline,,80bTjaasFejbEkQynNFnyT,6Jx5PuaV2WIlVSuPKZPjej,JJ_Linux_repro,0.0,2024-03-01 11:48:14.0,2024-03-01 11:48:35.0,SUCCESS,0.005833,2024-03-01 12:11:34.0,0
000QML0Z0000000001J4,mct_Case04619935_ByteLength_Sample,null,MTT,6,Jeffline,,80bTjaasFejbEkQynNFnyT,6Jx5PuaV2WIlVSuPKZPjej,JJ_Linux_repro,0.0,2024-03-01 12:26:45.0,2024-03-01 12:27:01.0,SUCCESS,0.004444,2024-03-01 13:11:28.0,0
000QML0Z0000000001J4,mct_Case04619935_ByteLength_Sample,null,MTT,5,Jeffline,,80bTjaasFejbEkQynNFnyT,6Jx5PuaV2WIlVSuPKZPjej,JJ_Linux_repro,0.0,2024-03-01 12:24:24.0,2024-03-01 12:24:41.0,SUCCESS,0.004722,2024-03-01 13:11:28.0,0
000QML0Z0000000001J5,m_Case04619935_ByteLength_Sample,null,MTT_TEST,1,Jeffline,,80bTjaasFejbEkQynNFnyT,6Jx5PuaV2WIlVSuPKZPjej,JJ_Linux_repro,0.0,2024-03-01 12:22:47.0,2024-03-01 12:23:04.0,SUCCESS,0.004722,2024-03-01 13:11:28.0,0
000QML0Z0000000001IW,VGN_MSDCRM_MappingTask_test,null,MTT,3,vihasitha_test,,80bTjaasFejbEkQynNFnyT,3wtAMqArHpjdihnAbf7tiM,vg_windows_local,0.534301053887453,2024-03-05 09:48:49.0,2024-03-05 09:50:54.0,ERROR,0.034722,2024-03-05 10:11:21.0,0
000QML0Z0000000001IW,VGN_MSDCRM_MappingTask_test,null,MTT,4,vihasitha_test,,80bTjaasFejbEkQynNFnyT,3wtAMqArHpjdihnAbf7tiM,vg_windows_local,0.0,2024-03-05 09:51:35.0,2024-03-05 09:51:57.0,ERROR,0.006111,2024-03-05 10:11:21.0,0
000QML0Z0000000001IW,VGN_MSDCRM_MappingTask_test,null,MTT,1,vihasitha_test,,80bTjaasFejbEkQynNFnyT,3wtAMqArHpjdihnAbf7tiM,vg_windows_local,0.0,2024-03-05 09:31:00.0,2024-03-05 09:47:23.0,ERROR,0.273056,2024-03-05 10:11:21.0,0
000QML0Z0000000001IW,VGN_MSDCRM_MappingTask_test,null,MTT,6,vihasitha_test,,80bTjaasFejbEkQynNFnyT,3wtAMqArHpjdihnAbf7tiM,vg_windows_local,1.39399960262269,2024-03-10 16:18:00.0,2024-03-10 16:20:54.0,WARNING,0.048333,2024-03-10 17:11:23.0,0
000QML0Z0000000001IW,VGN_MSDCRM_MappingTask_test,null,MTT,9,vihasitha_test,,80bTjaasFejbEkQynNFnyT,3wtAMqArHpjdihnAbf7tiM,vg_windows_local,1.550407635712865,2024-03-10 16:50:09.0,2024-03-10 16:52:57.0,WARNING,0.046667,2024-03-10 17:11:23.0,0
000QML0Z0000000001IW,VGN_MSDCRM_MappingTask_test,null,MTT,8,vihasitha_test,,80bTjaasFejbEkQynNFnyT,3wtAMqArHpjdihnAbf7tiM,vg_windows_local,1.521160341744486,2024-03-10 16:38:56.0,2024-03-10 16:42:20.0,WARNING,0.056667,2024-03-10 17:11:23.0,0
000QML0Z0000000001IW,VGN_MSDCRM_MappingTask_test,null,MTT,7,vihasitha_test,,80bTjaasFejbEkQynNFnyT,3wtAMqArHpjdihnAbf7tiM,vg_windows_local,1.297893481717011,2024-03-10 16:23:09.0,2024-03-10 16:25:55.0,WARNING,0.046111,2024-03-10 17:11:23.0,0
000QML0Z0000000001IW,VGN_MSDCRM_MappingTask_test,null,MTT,5,vihasitha_test,,80bTjaasFejbEkQynNFnyT,3wtAMqArHpjdihnAbf7tiM,vg_windows_local,1.55328438182179,2024-03-10 16:13:43.0,2024-03-10 16:16:32.0,ERROR,0.046944,2024-03-10 17:11:23.0,0
000QML0Z0000000001IQ,VGN_MSDCRM_Write_Mapping74_test,null,MTT_TEST,16,vihasitha_test,,80bTjaasFejbEkQynNFnyT,3wtAMqArHpjdihnAbf7tiM,vg_windows_local,0.753223566752628,2024-03-11 03:52:01.0,2024-03-11 03:54:32.0,WARNING,0.041944,2024-03-11 04:11:31.0,0
000QML0Z0000000001IQ,VGN_MSDCRM_Write_Mapping74_test,null,MTT_TEST,17,vihasitha_test,,80bTjaasFejbEkQynNFnyT,3wtAMqArHpjdihnAbf7tiM,vg_windows_local,0.835088416451421,2024-03-11 04:37:13.0,2024-03-11 04:39:33.0,WARNING,0.038889,2024-03-11 05:11:23.0,0
000QML0Z0000000001IQ,VGN_MSDCRM_Write_Mapping74_test,null,MTT_TEST,18,vihasitha_test,,80bTjaasFejbEkQynNFnyT,3wtAMqArHpjdihnAbf7tiM,vg_windows_local,0.944697720515362,2024-03-11 15:43:58.0,2024-03-11 15:46:06.0,WARNING,0.035556,2024-03-11 16:11:33.0,0
000QML0Z0000000001IQ,VGN_MSDCRM_Write_Mapping74_test,null,MTT_TEST,19,vihasitha_test,,80bTjaasFejbEkQynNFnyT,3wtAMqArHpjdihnAbf7tiM,vg_windows_local,0.972365805168986,2024-03-11 15:52:03.0,2024-03-11 15:55:13.0,SUCCESS,0.052778,2024-03-11 16:11:33.0,0
000QML0Z0000000001IQ,VGN_MSDCRM_Write_Mapping74_test,null,MTT_TEST,20,vihasitha_test,,80bTjaasFejbEkQynNFnyT,3wtAMqArHpjdihnAbf7tiM,vg_windows_local,0.865567911040508,2024-03-11 16:14:25.0,2024-03-11 16:16:58.0,SUCCESS,0.0425,2024-03-11 17:11:27.0,0
000QML0Z0000000001IW,VGN_MSDCRM_MappingTask_test,null,MTT,10,vihasitha_test,,80bTjaasFejbEkQynNFnyT,3wtAMqArHpjdihnAbf7tiM,vg_windows_local,0.0,2024-03-15 04:29:07.0,2024-03-15 04:31:10.0,SUCCESS,0.034167,2024-03-15 05:11:21.0,0
000QML0Z0000000001IQ,VGN_MSDCRM_Write_Mapping74_test,null,MTT_TEST,22,vihasitha_test,,80bTjaasFejbEkQynNFnyT,3wtAMqArHpjdihnAbf7tiM,vg_windows_local,0.0,2024-03-15 04:25:22.0,2024-03-15 04:27:47.0,SUCCESS,0.040278,2024-03-15 05:11:21.0,0
000QML0Z0000000001IQ,VGN_MSDCRM_Write_Mapping74_test,null,MTT_TEST,23,vihasitha_test,,80bTjaasFejbEkQynNFnyT,3wtAMqArHpjdihnAbf7tiM,vg_windows_local,1.47593476531424,2024-03-15 05:03:41.0,2024-03-15 05:06:58.0,SUCCESS,0.054722,2024-03-15 05:11:21.0,0
000QML0Z0000000001IQ,VGN_MSDCRM_Write_Mapping74_test,null,MTT_TEST,21,vihasitha_test,,80bTjaasFejbEkQynNFnyT,3wtAMqArHpjdihnAbf7tiM,vg_windows_local,0.977694433478089,2024-03-15 04:16:24.0,2024-03-15 04:18:31.0,SUCCESS,0.035278,2024-03-15 05:11:21.0,0
000QML0Z0000000001GN,DR_Test_FF,null,MTT,2,draju,,80bTjaasFejbEkQynNFnyT,fjcRyYWrc0NiR7celO214r,invdrajuwin01,0.0,2024-03-15 16:16:42.0,2024-03-15 16:17:12.0,SUCCESS,0.008333,2024-03-15 17:11:19.0,0
000QML0Z0000000001GN,DR_Test_FF,null,MTT,7,draju,,80bTjaasFejbEkQynNFnyT,fjcRyYWrc0NiR7celO214r,invdrajuwin01,0.0,2024-03-18 07:27:32.0,2024-03-18 07:28:01.0,SUCCESS,0.008056,2024-03-18 08:11:23.0,0
000QML0Z0000000001GN,DR_Test_FF,null,MTT,8,draju,,80bTjaasFejbEkQynNFnyT,fjcRyYWrc0NiR7celO214r,invdrajuwin01,0.0,2024-03-18 07:34:57.0,2024-03-18 07:35:14.0,SUCCESS,0.004722,2024-03-18 08:11:23.0,0
000QML0Z0000000001GN,DR_Test_FF,null,MTT,6,draju,,80bTjaasFejbEkQynNFnyT,fjcRyYWrc0NiR7celO214r,invdrajuwin01,0.0,2024-03-18 07:25:33.0,2024-03-18 07:26:04.0,SUCCESS,0.008611,2024-03-18 08:11:23.0,0
000QML0Z0000000001GN,DR_Test_FF,null,MTT,5,draju,,80bTjaasFejbEkQynNFnyT,fjcRyYWrc0NiR7celO214r,invdrajuwin01,0.0,2024-03-18 07:22:27.0,2024-03-18 07:23:08.0,SUCCESS,0.011389,2024-03-18 08:11:23.0,0
000QML0Z0000000001IW,VGN_MSDCRM_MappingTask_test,null,MTT,11,vihasitha_test,,80bTjaasFejbEkQynNFnyT,3wtAMqArHpjdihnAbf7tiM,vg_windows_local,0.979761904761905,2024-03-20 04:09:25.0,2024-03-20 04:12:25.0,SUCCESS,0.05,2024-03-20 05:11:24.0,0
000QML0Z0000000001IQ,VGN_MSDCRM_Write_Mapping74_test,null,MTT_TEST,26,vihasitha_test,,80bTjaasFejbEkQynNFnyT,3wtAMqArHpjdihnAbf7tiM,vg_windows_local,1.17840841436793,2024-03-21 02:46:43.0,2024-03-21 02:49:55.0,SUCCESS,0.053333,2024-03-21 03:11:28.0,0
000QML0Z0000000001IQ,VGN_MSDCRM_Write_Mapping74_test,null,MTT_TEST,25,vihasitha_test,,80bTjaasFejbEkQynNFnyT,3wtAMqArHpjdihnAbf7tiM,vg_windows_local,1.517111022682053,2024-03-21 02:39:38.0,2024-03-21 02:43:12.0,SUCCESS,0.059444,2024-03-21 03:11:28.0,0
000QML0Z0000000001J7,Mapping113,null,MTT_TEST,1,vihasitha_test,,80bTjaasFejbEkQynNFnyT,3wtAMqArHpjdihnAbf7tiM,vg_windows_local,1.612743152044462,2024-03-21 02:26:50.0,2024-03-21 02:30:22.0,WARNING,0.058889,2024-03-21 03:11:28.0,0
000QML0Z0000000001IQ,VGN_MSDCRM_Write_Mapping74_test,null,MTT_TEST,24,vihasitha_test,,80bTjaasFejbEkQynNFnyT,3wtAMqArHpjdihnAbf7tiM,vg_windows_local,1.284633757961783,2024-03-21 02:31:43.0,2024-03-21 02:35:00.0,SUCCESS,0.054722,2024-03-21 03:11:28.0,0
000QML0Z0000000001J9,VGN_CRM_URI_Mapping,null,MTT_TEST,1,vihasitha_test,,80bTjaasFejbEkQynNFnyT,3wtAMqArHpjdihnAbf7tiM,vg_windows_local,1.48868598650258,2024-04-04 18:08:13.0,2024-04-04 18:11:04.0,SUCCESS,0.0475,2024-04-04 18:11:35.0,0
000QML0Z0000000001J9,VGN_CRM_URI_Mapping,null,MTT_TEST,2,vihasitha_test,,80bTjaasFejbEkQynNFnyT,3wtAMqArHpjdihnAbf7tiM,vg_windows_local,1.383088527193331,2024-04-04 18:20:23.0,2024-04-04 18:23:09.0,ERROR,0.046111,2024-04-04 19:11:34.0,0
000QML170000000001EJ,Mapping_flat_file,null,MTT_DP,1,ppenthoi,,80bTjaasFejbEkQynNFnyT,0Gv5s5lKGlEgO8WUuDsX2Y,INWPF3M1V35-AAD,0.0,2024-04-05 06:34:10.0,2024-04-05 06:34:28.0,SUCCESS,0.005,2024-04-05 07:11:27.0,0
000QML0Z0000000001JA,Mapping_flat_file,null,MTT_TEST,1,ppenthoi,,80bTjaasFejbEkQynNFnyT,0Gv5s5lKGlEgO8WUuDsX2Y,INWPF3M1V35-AAD,0.0,2024-04-05 06:55:40.0,2024-04-05 06:55:58.0,SUCCESS,0.005,2024-04-05 07:11:27.0,0
000QML0Z0000000001JC,Map_Flat_File_Source_To_Target,null,MTT_TEST,1,ppenthoi,,80bTjaasFejbEkQynNFnyT,0Gv5s5lKGlEgO8WUuDsX2Y,INWPF3M1V35-AAD,0.0,2024-04-05 10:05:49.0,2024-04-05 10:06:07.0,SUCCESS,0.005,2024-04-05 10:11:29.0,0
000QML0Z0000000001JC,Map_Flat_File_Source_To_Target,null,MTT_TEST,2,ppenthoi,,80bTjaasFejbEkQynNFnyT,0Gv5s5lKGlEgO8WUuDsX2Y,INWPF3M1V35-AAD,0.0,2024-04-05 10:08:39.0,2024-04-05 10:08:57.0,ERROR,0.005,2024-04-05 10:11:29.0,0
000QML0Z0000000001JB,MappingTaskPrabhu2,null,MTT,1,ppenthoi,,80bTjaasFejbEkQynNFnyT,0Gv5s5lKGlEgO8WUuDsX2Y,INWPF3M1V35-AAD,0.0,2024-04-05 09:23:08.0,2024-04-05 09:23:25.0,SUCCESS,0.004722,2024-04-05 10:11:29.0,0
000QML0Z0000000001JC,Map_Flat_File_Source_To_Target,null,MTT_TEST,3,ppenthoi,,80bTjaasFejbEkQynNFnyT,0Gv5s5lKGlEgO8WUuDsX2Y,INWPF3M1V35-AAD,0.0,2024-04-05 10:09:36.0,2024-04-05 10:10:20.0,SUCCESS,0.012222,2024-04-05 10:11:29.0,0
000QML170000000001EK,Mapping119,null,MTT_DP,1,ppenthoi,,80bTjaasFejbEkQynNFnyT,0Gv5s5lKGlEgO8WUuDsX2Y,INWPF3M1V35-AAD,0.0,2024-04-05 09:43:31.0,2024-04-05 09:43:48.0,SUCCESS,0.004722,2024-04-05 10:11:29.0,0
000QML0Z0000000001JD,VGN_MSDCRM_customerEntity_Mapping129,null,MTT_TEST,4,vihasitha_test,,80bTjaasFejbEkQynNFnyT,3wtAMqArHpjdihnAbf7tiM,vg_windows_local,0.0,2024-04-05 10:47:27.0,2024-04-05 10:49:46.0,SUCCESS,0.038611,2024-04-05 11:11:33.0,0
000QML0Z0000000001JD,VGN_MSDCRM_customerEntity_Mapping129,null,MTT_TEST,2,vihasitha_test,,80bTjaasFejbEkQynNFnyT,3wtAMqArHpjdihnAbf7tiM,vg_windows_local,0.568604191379992,2024-04-05 10:34:48.0,2024-04-05 10:37:17.0,WARNING,0.041389,2024-04-05 11:11:33.0,0
000QML0Z0000000001JD,VGN_MSDCRM_customerEntity_Mapping129,null,MTT_TEST,1,vihasitha_test,,80bTjaasFejbEkQynNFnyT,3wtAMqArHpjdihnAbf7tiM,vg_windows_local,0.726838966202783,2024-04-05 10:30:38.0,2024-04-05 10:33:18.0,SUCCESS,0.044444,2024-04-05 11:11:33.0,0
000QML0Z0000000001JD,VGN_MSDCRM_customerEntity_Mapping129,null,MTT_TEST,3,vihasitha_test,,80bTjaasFejbEkQynNFnyT,3wtAMqArHpjdihnAbf7tiM,vg_windows_local,0.0,2024-04-05 10:44:04.0,2024-04-05 10:46:32.0,SUCCESS,0.041111,2024-04-05 11:11:33.0,0
000QML0Z0000000001JD,VGN_MSDCRM_customerEntity_Mapping129,null,MTT_TEST,5,vihasitha_test,,80bTjaasFejbEkQynNFnyT,3wtAMqArHpjdihnAbf7tiM,vg_windows_local,0.777249306381292,2024-04-08 15:43:22.0,2024-04-08 15:45:52.0,WARNING,0.041667,2024-04-08 16:11:43.0,0
000QML0Z0000000001JF,Mapping119,null,MTT_TEST,1,vihasitha_test,,80bTjaasFejbEkQynNFnyT,3wtAMqArHpjdihnAbf7tiM,vg_windows_local,0.890566037735849,2024-04-08 16:06:04.0,2024-04-08 16:08:52.0,SUCCESS,0.046667,2024-04-08 16:11:43.0,0
000QML0Z0000000001JE,VGN_CRM_customerentity_MappingTask12,null,MTT,1,vihasitha_test,,80bTjaasFejbEkQynNFnyT,3wtAMqArHpjdihnAbf7tiM,vg_windows_local,0.0,2024-04-08 15:21:33.0,2024-04-08 15:23:49.0,SUCCESS,0.037778,2024-04-08 16:11:43.0,0
000QML0Z0000000001JE,VGN_CRM_customerentity_MappingTask12,null,MTT,2,vihasitha_test,,80bTjaasFejbEkQynNFnyT,3wtAMqArHpjdihnAbf7tiM,vg_windows_local,0.876840429765221,2024-04-08 15:32:01.0,2024-04-08 15:34:07.0,WARNING,0.035,2024-04-08 16:11:43.0,0
000QML0Z0000000001JC,Map_Flat_File_Source_To_Target,null,MTT_TEST,4,ppenthoi,,80bTjaasFejbEkQynNFnyT,0Gv5s5lKGlEgO8WUuDsX2Y,INWPF3M1V35-AAD,0.0,2024-04-10 05:41:47.0,2024-04-10 05:42:07.0,SUCCESS,0.005556,2024-04-10 06:11:33.0,0
000QML0Z0000000001JC,Map_Flat_File_Source_To_Target,null,MTT_TEST,5,ppenthoi,,80bTjaasFejbEkQynNFnyT,0Gv5s5lKGlEgO8WUuDsX2Y,INWPF3M1V35-AAD,0.0,2024-04-10 06:17:25.0,2024-04-10 06:17:44.0,SUCCESS,0.005278,2024-04-10 07:11:29.0,0
000QML170000000001ER,Mapping129,null,MTT_DP,1,ppenthoi,,80bTjaasFejbEkQynNFnyT,0Gv5s5lKGlEgO8WUuDsX2Y,INWPF3M1V35-AAD,0.0,2024-04-10 08:52:22.0,2024-04-10 08:52:38.0,SUCCESS,0.004444,2024-04-10 09:11:29.0,0
000QML0Z0000000001JH,Mapping129,null,MTT_TEST,1,ppenthoi,,80bTjaasFejbEkQynNFnyT,0Gv5s5lKGlEgO8WUuDsX2Y,INWPF3M1V35-AAD,0.0,2024-04-10 08:52:59.0,2024-04-10 08:53:19.0,SUCCESS,0.005556,2024-04-10 09:11:29.0,0
000QML0Z0000000001JJ,prabhuPDOTesting,null,MTT,1,ppenthoi,,80bTjaasFejbEkQynNFnyT,0Gv5s5lKGlEgO8WUuDsX2Y,INWPF3M1V35-AAD,0.0,2024-04-10 09:09:21.0,2024-04-10 09:09:40.0,SUCCESS,0.005278,2024-04-10 09:11:29.0,0
000QML0Z0000000001JJ,prabhuPDOTesting,null,MTT,3,ppenthoi,,80bTjaasFejbEkQynNFnyT,0Gv5s5lKGlEgO8WUuDsX2Y,INWPF3M1V35-AAD,0.0,2024-04-10 09:49:00.0,2024-04-10 09:49:19.0,SUCCESS,0.005278,2024-04-10 10:11:27.0,0
000QML0Z0000000001JJ,prabhuPDOTesting,null,MTT,4,ppenthoi,,80bTjaasFejbEkQynNFnyT,0Gv5s5lKGlEgO8WUuDsX2Y,INWPF3M1V35-AAD,0.0,2024-04-10 09:50:29.0,2024-04-10 09:50:48.0,SUCCESS,0.005278,2024-04-10 10:11:27.0,0
000QML0Z0000000001JD,VGN_MSDCRM_customerEntity_Mapping129,null,MTT_TEST,6,vihasitha_test,,80bTjaasFejbEkQynNFnyT,3wtAMqArHpjdihnAbf7tiM,vg_windows_local,1.571569986141358,2024-04-10 09:24:15.0,2024-04-10 09:28:01.0,WARNING,0.062778,2024-04-10 10:11:27.0,0
000QML0Z0000000001JC,Map_Flat_File_Source_To_Target,null,MTT_TEST,6,ppenthoi,,80bTjaasFejbEkQynNFnyT,0Gv5s5lKGlEgO8WUuDsX2Y,INWPF3M1V35-AAD,0.0,2024-04-10 10:18:04.0,2024-04-10 10:18:26.0,SUCCESS,0.006111,2024-04-10 11:11:39.0,0
000QML0Z0000000001JK,Mapping130,null,MTT_TEST,1,vihasitha_test,,80bTjaasFejbEkQynNFnyT,1QO6mK4AcQFdVOzuNNpsEH,vg-linux-vm.informatica.com,0.76953827703378,2024-04-11 14:32:40.0,2024-04-11 15:46:25.0,ERROR,1.229167,2024-04-11 16:11:35.0,0
000QML0Z0000000001JJ,prabhuPDOTesting,null,MTT,5,ppenthoi,,80bTjaasFejbEkQynNFnyT,0Gv5s5lKGlEgO8WUuDsX2Y,INWPF3M1V35-AAD,0.0,2024-04-15 06:01:40.0,2024-04-15 06:01:50.0,SUCCESS,0.002778,2024-04-15 06:11:25.0,0
000QML0Z0000000001JD,VGN_MSDCRM_customerEntity_Mapping129,null,MTT_TEST,8,vihasitha_test,,80bTjaasFejbEkQynNFnyT,3wtAMqArHpjdihnAbf7tiM,vg_windows_local,0.539767120584172,2024-04-16 05:40:37.0,2024-04-16 05:43:18.0,WARNING,0.044722,2024-04-16 06:11:23.0,0
000QML0I00000000005U,Synchronization Task for Flat_File Mapping,Modified_Empleoyee.csv,DSS,2,ppenthoi,,80bTjaasFejbEkQynNFnyT,0Gv5s5lKGlEgO8WUuDsX2Y,INWPF3M1V35-AAD,0.0,2024-04-16 06:01:37.0,2024-04-16 06:01:45.0,SUCCESS,0.002222,2024-04-16 06:11:23.0,0
000QML0Z0000000001JD,VGN_MSDCRM_customerEntity_Mapping129,null,MTT_TEST,9,vihasitha_test,,80bTjaasFejbEkQynNFnyT,3wtAMqArHpjdihnAbf7tiM,vg_windows_local,0.92918241495922,2024-04-16 05:45:16.0,2024-04-16 05:48:24.0,WARNING,0.052222,2024-04-16 06:11:23.0,0
000QML0I00000000005U,Synchronization Task for Flat_File Mapping,Modified_Empleoyee.csv,DSS,1,ppenthoi,,80bTjaasFejbEkQynNFnyT,0Gv5s5lKGlEgO8WUuDsX2Y,INWPF3M1V35-AAD,0.0,2024-04-16 05:49:12.0,2024-04-16 05:49:22.0,SUCCESS,0.002778,2024-04-16 06:11:23.0,0
000QML0Z0000000001JD,VGN_MSDCRM_customerEntity_Mapping129,null,MTT_TEST,7,vihasitha_test,,80bTjaasFejbEkQynNFnyT,3wtAMqArHpjdihnAbf7tiM,vg_windows_local,0.388395500296033,2024-04-16 05:28:15.0,2024-04-16 05:31:29.0,WARNING,0.053889,2024-04-16 06:11:23.0,0
000QML0Z0000000001JD,VGN_MSDCRM_customerEntity_Mapping129,null,MTT_TEST,10,vihasitha_test,,80bTjaasFejbEkQynNFnyT,3wtAMqArHpjdihnAbf7tiM,vg_windows_local,0.541815299246928,2024-04-16 05:57:59.0,2024-04-16 06:01:08.0,SUCCESS,0.0525,2024-04-16 06:11:23.0,0
000QML49000000000006,Data Transfer Task1,null,DTT,1,ppenthoi,,80bTjaasFejbEkQynNFnyT,0Gv5s5lKGlEgO8WUuDsX2Y,INWPF3M1V35-AAD,0.0,2024-04-16 07:10:43.0,2024-04-16 07:10:59.0,SUCCESS,0.004444,2024-04-16 07:11:32.0,0
000QML0Z0000000001JD,VGN_MSDCRM_customerEntity_Mapping129,null,MTT_TEST,11,vihasitha_test,,80bTjaasFejbEkQynNFnyT,3wtAMqArHpjdihnAbf7tiM,vg_windows_local,1.269161855464862,2024-04-16 06:43:29.0,2024-04-16 06:47:18.0,WARNING,0.063611,2024-04-16 07:11:32.0,0
000QML49000000000006,Data Transfer Task1,null,DTT,3,ppenthoi,,80bTjaasFejbEkQynNFnyT,0Gv5s5lKGlEgO8WUuDsX2Y,INWPF3M1V35-AAD,0.0,2024-04-16 07:13:56.0,2024-04-16 07:14:15.0,SUCCESS,0.005278,2024-04-16 08:11:23.0,0
000QML49000000000006,Data Transfer Task1,null,DTT,2,ppenthoi,,80bTjaasFejbEkQynNFnyT,0Gv5s5lKGlEgO8WUuDsX2Y,INWPF3M1V35-AAD,0.0,2024-04-16 07:11:55.0,2024-04-16 07:12:13.0,SUCCESS,0.005,2024-04-16 08:11:23.0,0
000QML0Z0000000001JL,Wrapper_Rank_Mapping,null,MTT,1,ppenthoi,,80bTjaasFejbEkQynNFnyT,0Gv5s5lKGlEgO8WUuDsX2Y,INWPF3M1V35-AAD,0.0,2024-04-17 09:51:33.0,2024-04-17 09:52:26.0,SUCCESS,0.014722,2024-04-17 10:11:24.0,0
000QML0Z0000000001JM,Task_Sorter,null,MTT,1,ppenthoi,,80bTjaasFejbEkQynNFnyT,0Gv5s5lKGlEgO8WUuDsX2Y,INWPF3M1V35-AAD,0.0,2024-04-17 10:24:55.0,2024-04-17 10:25:19.0,SUCCESS,0.006667,2024-04-17 11:11:44.0,0
000QML0Z0000000001JN,Mapping_Task_Flat_File_to_SQLDB,null,MTT,2,ppenthoi,,80bTjaasFejbEkQynNFnyT,0Gv5s5lKGlEgO8WUuDsX2Y,INWPF3M1V35-AAD,0.0,2024-04-18 09:51:58.0,2024-04-18 09:52:22.0,SUCCESS,0.006667,2024-04-18 10:11:36.0,0
000QML0Z0000000001JN,Mapping_Task_Flat_File_to_SQLDB,null,MTT,5,ppenthoi,,80bTjaasFejbEkQynNFnyT,0Gv5s5lKGlEgO8WUuDsX2Y,INWPF3M1V35-AAD,0.0,2024-04-18 10:03:43.0,2024-04-18 10:04:02.0,ERROR,0.005278,2024-04-18 10:11:36.0,0
000QML0Z0000000001JN,Mapping_Task_Flat_File_to_SQLDB,null,MTT,6,ppenthoi,,80bTjaasFejbEkQynNFnyT,0Gv5s5lKGlEgO8WUuDsX2Y,INWPF3M1V35-AAD,0.0,2024-04-18 10:05:22.0,2024-04-18 10:05:42.0,SUCCESS,0.005556,2024-04-18 10:11:36.0,0
000QML0Z0000000001JN,Mapping_Task_Flat_File_to_SQLDB,null,MTT,3,ppenthoi,,80bTjaasFejbEkQynNFnyT,0Gv5s5lKGlEgO8WUuDsX2Y,INWPF3M1V35-AAD,0.0,2024-04-18 10:00:56.0,2024-04-18 10:01:13.0,WARNING,0.004722,2024-04-18 10:11:36.0,0
000QML0Z0000000001JN,Mapping_Task_Flat_File_to_SQLDB,null,MTT,1,ppenthoi,,80bTjaasFejbEkQynNFnyT,0Gv5s5lKGlEgO8WUuDsX2Y,INWPF3M1V35-AAD,0.0,2024-04-18 09:43:41.0,2024-04-18 09:44:12.0,SUCCESS,0.008611,2024-04-18 10:11:36.0,0
000QML0Z0000000001JN,Mapping_Task_Flat_File_to_SQLDB,null,MTT,7,ppenthoi,,80bTjaasFejbEkQynNFnyT,0Gv5s5lKGlEgO8WUuDsX2Y,INWPF3M1V35-AAD,0.0,2024-04-18 11:04:41.0,2024-04-18 11:04:59.0,SUCCESS,0.005,2024-04-18 11:11:25.0,0
000QML0G000000000013,Replication SQL to ORACLE,Employee,DRS,1,ppenthoi,,80bTjaasFejbEkQynNFnyT,0Gv5s5lKGlEgO8WUuDsX2Y,INWPF3M1V35-AAD,0.0,2024-04-18 13:25:27.0,2024-04-18 13:25:36.0,SUCCESS,0.001,2024-04-18 14:11:33.0,0
000QML0G000000000013,Replication SQL to ORACLE,Products,DRS,1,ppenthoi,,80bTjaasFejbEkQynNFnyT,0Gv5s5lKGlEgO8WUuDsX2Y,INWPF3M1V35-AAD,0.0,2024-04-18 13:25:36.0,2024-04-18 13:25:44.0,SUCCESS,8.89E-4,2024-04-18 14:11:33.0,0
000QML0Z0000000001JO,Mapping_Flat_File_to_SQL,null,MTT_TEST,1,ppenthoi,,80bTjaasFejbEkQynNFnyT,0Gv5s5lKGlEgO8WUuDsX2Y,INWPF3M1V35-AAD,0.0,2024-04-19 05:51:20.0,2024-04-19 05:51:42.0,SUCCESS,0.006111,2024-04-19 06:11:31.0,0
000QML0Z0000000001JP,MappingTask14,null,MTT,1,ppenthoi,,80bTjaasFejbEkQynNFnyT,0Gv5s5lKGlEgO8WUuDsX2Y,INWPF3M1V35-AAD,0.0,2024-04-19 05:54:15.0,2024-04-19 05:54:39.0,SUCCESS,0.006667,2024-04-19 06:11:31.0,0
000QML0Z0000000001JQ,Mapping132,null,MTT_TEST,1,vihasitha_test,,80bTjaasFejbEkQynNFnyT,3wtAMqArHpjdihnAbf7tiM,vg_windows_local,1.146085232903865,2024-04-19 06:50:31.0,2024-04-19 06:52:50.0,SUCCESS,0.038611,2024-04-19 07:11:46.0,0
000QML0Z0000000001JR,VGN_CRMREAD_MappingTask12,null,MTT,1,vihasitha_test,,80bTjaasFejbEkQynNFnyT,3wtAMqArHpjdihnAbf7tiM,vg_windows_local,1.670368901229671,2024-04-19 06:59:57.0,2024-04-19 07:02:42.0,SUCCESS,0.045833,2024-04-19 07:11:46.0,0
000QML0Z0000000001IQ,VGN_MSDCRM_Write_Mapping74_test,null,MTT_TEST,27,vihasitha_test,,80bTjaasFejbEkQynNFnyT,3wtAMqArHpjdihnAbf7tiM,vg_windows_local,1.493653312177707,2024-04-19 07:22:50.0,2024-04-19 07:27:42.0,SUCCESS,0.081111,2024-04-19 08:11:20.0,0
000QML0Z0000000001JR,VGN_CRMREAD_MappingTask12,null,MTT,2,vihasitha_test,,80bTjaasFejbEkQynNFnyT,3wtAMqArHpjdihnAbf7tiM,vg_windows_local,1.951966791856098,2024-04-19 07:19:06.0,2024-04-19 07:24:34.0,SUCCESS,0.091111,2024-04-19 08:11:20.0,0
000QML0Z0000000001IQ,VGN_MSDCRM_Write_Mapping74_test,null,MTT_TEST,28,vihasitha_test,,80bTjaasFejbEkQynNFnyT,3wtAMqArHpjdihnAbf7tiM,vg_windows_local,1.093378271213323,2024-04-19 07:31:56.0,2024-04-19 07:34:30.0,WARNING,0.042778,2024-04-19 08:11:20.0,0
000QML0Z0000000001JS,MappingTask_Flat_File_to_Oracle,null,MTT,1,ppenthoi,,80bTjaasFejbEkQynNFnyT,0Gv5s5lKGlEgO8WUuDsX2Y,INWPF3M1V35-AAD,0.0,2024-04-19 09:08:57.0,2024-04-19 09:09:21.0,SUCCESS,0.006667,2024-04-19 09:11:26.0,0
000QML0Z0000000001IQ,VGN_MSDCRM_Write_Mapping74_test,null,MTT_TEST,35,vihasitha_test,,80bTjaasFejbEkQynNFnyT,3wtAMqArHpjdihnAbf7tiM,vg_windows_local,1.480199004975124,2024-04-19 10:52:34.0,2024-04-19 10:57:59.0,WARNING,0.090278,2024-04-19 11:11:31.0,0
000QML0Z0000000001IQ,VGN_MSDCRM_Write_Mapping74_test,null,MTT_TEST,30,vihasitha_test,,80bTjaasFejbEkQynNFnyT,3wtAMqArHpjdihnAbf7tiM,vg_windows_local,1.461249505733492,2024-04-19 10:21:19.0,2024-04-19 10:25:32.0,WARNING,0.070278,2024-04-19 11:11:31.0,0
000QML0Z0000000001IQ,VGN_MSDCRM_Write_Mapping74_test,null,MTT_TEST,31,vihasitha_test,,80bTjaasFejbEkQynNFnyT,3wtAMqArHpjdihnAbf7tiM,vg_windows_local,0.528125621148877,2024-04-19 10:28:20.0,2024-04-19 10:31:05.0,WARNING,0.045833,2024-04-19 11:11:31.0,0
000QML0Z0000000001IQ,VGN_MSDCRM_Write_Mapping74_test,null,MTT_TEST,33,vihasitha_test,,80bTjaasFejbEkQynNFnyT,3wtAMqArHpjdihnAbf7tiM,vg_windows_local,0.657228315054835,2024-04-19 10:41:45.0,2024-04-19 10:45:30.0,WARNING,0.0625,2024-04-19 11:11:31.0,0
000QML0Z0000000001IQ,VGN_MSDCRM_Write_Mapping74_test,null,MTT_TEST,32,vihasitha_test,,80bTjaasFejbEkQynNFnyT,3wtAMqArHpjdihnAbf7tiM,vg_windows_local,0.730875941339675,2024-04-19 10:37:22.0,2024-04-19 10:39:48.0,WARNING,0.040556,2024-04-19 11:11:31.0,0
000QML0Z0000000001IQ,VGN_MSDCRM_Write_Mapping74_test,null,MTT_TEST,29,vihasitha_test,,80bTjaasFejbEkQynNFnyT,3wtAMqArHpjdihnAbf7tiM,vg_windows_local,0.564199245882119,2024-04-19 10:15:30.0,2024-04-19 10:18:14.0,ERROR,0.045556,2024-04-19 11:11:31.0,0
000QML0Z0000000001IQ,VGN_MSDCRM_Write_Mapping74_test,null,MTT_TEST,34,vihasitha_test,,80bTjaasFejbEkQynNFnyT,3wtAMqArHpjdihnAbf7tiM,vg_windows_local,1.359825153983708,2024-04-19 10:45:56.0,2024-04-19 10:50:27.0,WARNING,0.075278,2024-04-19 11:11:31.0,0
000QML0Z0000000001IQ,VGN_MSDCRM_Write_Mapping74_test,null,MTT_TEST,36,vihasitha_test,,80bTjaasFejbEkQynNFnyT,3wtAMqArHpjdihnAbf7tiM,vg_windows_local,1.402173913043478,2024-04-19 11:01:05.0,2024-04-19 11:05:18.0,WARNING,0.070278,2024-04-19 11:11:31.0,0
000QML0Z0000000001IQ,VGN_MSDCRM_Write_Mapping74_test,null,MTT_TEST,38,vihasitha_test,,80bTjaasFejbEkQynNFnyT,3wtAMqArHpjdihnAbf7tiM,vg_windows_local,1.867961934972244,2024-04-22 02:39:46.0,2024-04-22 02:44:36.0,WARNING,0.080556,2024-04-22 03:11:29.0,0
000QML0Z0000000001IQ,VGN_MSDCRM_Write_Mapping74_test,null,MTT_TEST,37,vihasitha_test,,80bTjaasFejbEkQynNFnyT,3wtAMqArHpjdihnAbf7tiM,vg_windows_local,1.583696945656486,2024-04-22 02:30:01.0,2024-04-22 02:34:20.0,WARNING,0.071944,2024-04-22 03:11:29.0,0
000QML0Z0000000001IQ,VGN_MSDCRM_Write_Mapping74_test,null,MTT_TEST,39,vihasitha_test,,80bTjaasFejbEkQynNFnyT,3wtAMqArHpjdihnAbf7tiM,vg_windows_local,0.884233518665608,2024-04-22 03:26:28.0,2024-04-22 03:30:17.0,SUCCESS,0.063611,2024-04-22 04:11:22.0,0
000QML0Z0000000001IQ,VGN_MSDCRM_Write_Mapping74_test,null,MTT_TEST,42,vihasitha_test,,80bTjaasFejbEkQynNFnyT,3wtAMqArHpjdihnAbf7tiM,vg_windows_local,0.941153081510934,2024-04-22 04:53:10.0,2024-04-22 04:55:51.0,WARNING,0.044722,2024-04-22 05:11:16.0,0
000QML0Z0000000001IQ,VGN_MSDCRM_Write_Mapping74_test,null,MTT_TEST,40,vihasitha_test,,80bTjaasFejbEkQynNFnyT,3wtAMqArHpjdihnAbf7tiM,vg_windows_local,0.934825673534073,2024-04-22 04:32:50.0,2024-04-22 04:35:41.0,SUCCESS,0.0475,2024-04-22 05:11:16.0,0
000QML0Z0000000001IQ,VGN_MSDCRM_Write_Mapping74_test,null,MTT_TEST,41,vihasitha_test,,80bTjaasFejbEkQynNFnyT,3wtAMqArHpjdihnAbf7tiM,vg_windows_local,0.0,2024-04-22 04:48:58.0,2024-04-22 04:51:39.0,ERROR,0.044722,2024-04-22 05:11:16.0,0
000QML0Z0000000001IQ,VGN_MSDCRM_Write_Mapping74_test,null,MTT_TEST,43,vihasitha_test,,80bTjaasFejbEkQynNFnyT,3wtAMqArHpjdihnAbf7tiM,vg_windows_local,0.77037773359841,2024-04-22 04:58:04.0,2024-04-22 05:00:47.0,SUCCESS,0.045278,2024-04-22 05:11:16.0,0
000QML0Z0000000001IQ,VGN_MSDCRM_Write_Mapping74_test,null,MTT_TEST,45,vihasitha_test,,80bTjaasFejbEkQynNFnyT,3wtAMqArHpjdihnAbf7tiM,vg_windows_local,1.477308917197452,2024-04-22 06:58:59.0,2024-04-22 07:02:30.0,WARNING,0.058611,2024-04-22 07:11:20.0,0
000QML0Z0000000001IQ,VGN_MSDCRM_Write_Mapping74_test,null,MTT_TEST,44,vihasitha_test,,80bTjaasFejbEkQynNFnyT,3wtAMqArHpjdihnAbf7tiM,vg_windows_local,0.92154915590864,2024-04-22 06:19:05.0,2024-04-22 06:23:29.0,WARNING,0.073333,2024-04-22 07:11:20.0,0
000QML0Z0000000001IQ,VGN_MSDCRM_Write_Mapping74_test,null,MTT_TEST,46,vihasitha_test,,80bTjaasFejbEkQynNFnyT,3wtAMqArHpjdihnAbf7tiM,vg_windows_local,1.210620170398256,2024-04-22 07:03:34.0,2024-04-22 07:06:25.0,WARNING,0.0475,2024-04-22 07:11:20.0,0
000QML0Z0000000001JU,Mapping175,null,MTT_TEST,1,ppenthoi,,80bTjaasFejbEkQynNFnyT,0Gv5s5lKGlEgO8WUuDsX2Y,INWPF3M1V35-AAD,0.0,2024-04-22 07:37:06.0,2024-04-22 07:37:32.0,SUCCESS,0.007222,2024-04-22 08:11:17.0,0
000QML0Z0000000001JT,Mapping_Aggregator,null,MTT_TEST,1,ppenthoi,,80bTjaasFejbEkQynNFnyT,0Gv5s5lKGlEgO8WUuDsX2Y,INWPF3M1V35-AAD,0.0,2024-04-22 07:25:23.0,2024-04-22 07:25:41.0,SUCCESS,0.005,2024-04-22 08:11:17.0,0
000QML0Z0000000001JV,Mapping210,null,MTT_TEST,1,ppenthoi,,80bTjaasFejbEkQynNFnyT,0Gv5s5lKGlEgO8WUuDsX2Y,INWPF3M1V35-AAD,0.0,2024-04-22 12:55:35.0,2024-04-22 12:55:53.0,WARNING,0.005,2024-04-22 13:11:34.0,0
000QML0Z0000000001JV,Mapping210,null,MTT_TEST,4,ppenthoi,,80bTjaasFejbEkQynNFnyT,0Gv5s5lKGlEgO8WUuDsX2Y,INWPF3M1V35-AAD,0.0,2024-04-22 13:13:12.0,2024-04-22 13:13:29.0,SUCCESS,0.004722,2024-04-22 14:11:21.0,0
000QML0Z0000000001JW,UpperCase_,null,MTT_TEST,1,ppenthoi,,80bTjaasFejbEkQynNFnyT,0Gv5s5lKGlEgO8WUuDsX2Y,INWPF3M1V35-AAD,0.0,2024-04-23 07:11:53.0,2024-04-23 07:12:11.0,SUCCESS,0.005,2024-04-23 08:11:22.0,0
000QML0Z0000000001IQ,VGN_MSDCRM_Write_Mapping74_test,null,MTT_TEST,48,vihasitha_test,,80bTjaasFejbEkQynNFnyT,3wtAMqArHpjdihnAbf7tiM,vg_windows_local,1.075153678366052,2024-04-24 05:05:21.0,2024-04-24 05:08:07.0,WARNING,0.046111,2024-04-24 05:11:25.0,0
000QML0Z0000000001IQ,VGN_MSDCRM_Write_Mapping74_test,null,MTT_TEST,47,vihasitha_test,,80bTjaasFejbEkQynNFnyT,3wtAMqArHpjdihnAbf7tiM,vg_windows_local,1.068582755203171,2024-04-24 04:49:40.0,2024-04-24 04:52:55.0,WARNING,0.054167,2024-04-24 05:11:25.0,0
000QML0Z0000000001JX,Mapping208,null,MTT_TEST,2,vihasitha_test,,80bTjaasFejbEkQynNFnyT,1QO6mK4AcQFdVOzuNNpsEH,vg-linux-vm.informatica.com,0.699580251848891,2024-04-24 10:37:35.0,2024-04-24 10:38:11.0,SUCCESS,0.01,2024-04-24 11:11:24.0,0
000QML0Z0000000001JX,Mapping208,null,MTT_TEST,3,vihasitha_test,,80bTjaasFejbEkQynNFnyT,1QO6mK4AcQFdVOzuNNpsEH,vg-linux-vm.informatica.com,0.611388611388611,2024-04-24 11:14:00.0,2024-04-24 11:15:04.0,SUCCESS,0.017778,2024-04-24 12:11:28.0,0
000QML0Z0000000001JY,Suswara_MT,null,MTT,2,vihasitha_test,,80bTjaasFejbEkQynNFnyT,1QO6mK4AcQFdVOzuNNpsEH,vg-linux-vm.informatica.com,0.579768092762895,2024-04-24 11:56:38.0,2024-04-24 11:57:30.0,SUCCESS,0.014444,2024-04-24 12:11:28.0,0
000QML0Z0000000001JY,Suswara_MT,null,MTT,3,vihasitha_test,,80bTjaasFejbEkQynNFnyT,1QO6mK4AcQFdVOzuNNpsEH,vg-linux-vm.informatica.com,0.583883223355329,2024-04-24 12:15:38.0,2024-04-24 12:17:01.0,ERROR,0.023056,2024-04-24 13:11:33.0,0
000QML0Z0000000001IQ,VGN_MSDCRM_Write_Mapping74_test,null,MTT_TEST,50,vihasitha_test,,80bTjaasFejbEkQynNFnyT,1QO6mK4AcQFdVOzuNNpsEH,vg-linux-vm.informatica.com,0.0,2024-04-26 09:33:04.0,2024-04-26 09:37:32.0,ERROR,0.074444,2024-04-26 10:11:32.0,0
000QML0Z0000000001IQ,VGN_MSDCRM_Write_Mapping74_test,null,MTT_TEST,49,vihasitha_test,,80bTjaasFejbEkQynNFnyT,1QO6mK4AcQFdVOzuNNpsEH,vg-linux-vm.informatica.com,0.0,2024-04-26 09:24:51.0,2024-04-26 09:28:58.0,ERROR,0.068611,2024-04-26 10:11:32.0,0
000QML0Z0000000001IQ,VGN_MSDCRM_Write_Mapping74_test,null,MTT_TEST,51,vihasitha_test,,80bTjaasFejbEkQynNFnyT,3wtAMqArHpjdihnAbf7tiM,vg_windows_local,1.859631949882537,2024-04-26 09:45:49.0,2024-04-26 09:51:35.0,WARNING,0.096111,2024-04-26 10:11:32.0,0
000QML0Z0000000001IQ,VGN_MSDCRM_Write_Mapping74_test,null,MTT_TEST,52,vihasitha_test,,80bTjaasFejbEkQynNFnyT,3wtAMqArHpjdihnAbf7tiM,vg_windows_local,0.0,2024-04-26 10:43:29.0,2024-04-26 10:46:12.0,SUCCESS,0.045278,2024-04-26 11:11:26.0,0
000QML0Z0000000001K0,Mapping211,null,MTT_TEST,3,ppenthoi,,80bTjaasFejbEkQynNFnyT,0Gv5s5lKGlEgO8WUuDsX2Y,INWPF3M1V35-AAD,0.0,2024-04-30 05:38:40.0,2024-04-30 05:38:54.0,SUCCESS,0.003889,2024-04-30 06:11:38.0,0
000QML0Z0000000001K0,Mapping211,null,MTT_TEST,1,ppenthoi,,80bTjaasFejbEkQynNFnyT,0Gv5s5lKGlEgO8WUuDsX2Y,INWPF3M1V35-AAD,0.0,2024-04-30 05:30:57.0,2024-04-30 05:31:17.0,SUCCESS,0.005556,2024-04-30 06:11:38.0,0
000QML0Z0000000001K0,Mapping211,null,MTT_TEST,2,ppenthoi,,80bTjaasFejbEkQynNFnyT,0Gv5s5lKGlEgO8WUuDsX2Y,INWPF3M1V35-AAD,0.0,2024-04-30 05:32:51.0,2024-04-30 05:33:03.0,ERROR,0.003333,2024-04-30 06:11:38.0,0
000QML0Z0000000001K0,Mapping211,null,MTT_TEST,4,ppenthoi,,80bTjaasFejbEkQynNFnyT,0Gv5s5lKGlEgO8WUuDsX2Y,INWPF3M1V35-AAD,0.0,2024-04-30 05:39:02.0,2024-04-30 05:39:13.0,ERROR,0.003056,2024-04-30 06:11:38.0,0
000QML0Z0000000001K0,Mapping211,null,MTT_TEST,6,ppenthoi,,80bTjaasFejbEkQynNFnyT,0Gv5s5lKGlEgO8WUuDsX2Y,INWPF3M1V35-AAD,0.0,2024-04-30 06:20:05.0,2024-04-30 06:20:18.0,SUCCESS,0.003611,2024-04-30 07:11:30.0,0
000QML0Z0000000001K0,Mapping211,null,MTT_TEST,5,ppenthoi,,80bTjaasFejbEkQynNFnyT,0Gv5s5lKGlEgO8WUuDsX2Y,INWPF3M1V35-AAD,0.0,2024-04-30 06:15:16.0,2024-04-30 06:15:28.0,SUCCESS,0.003333,2024-04-30 07:11:30.0,0
000QML0Z0000000001K0,Mapping211,null,MTT_TEST,8,ppenthoi,,80bTjaasFejbEkQynNFnyT,0Gv5s5lKGlEgO8WUuDsX2Y,INWPF3M1V35-AAD,0.0,2024-04-30 06:54:52.0,2024-04-30 06:55:05.0,SUCCESS,0.003611,2024-04-30 07:11:30.0,0
000QML0Z0000000001K0,Mapping211,null,MTT_TEST,7,ppenthoi,,80bTjaasFejbEkQynNFnyT,0Gv5s5lKGlEgO8WUuDsX2Y,INWPF3M1V35-AAD,0.0,2024-04-30 06:53:55.0,2024-04-30 06:54:06.0,ERROR,0.003056,2024-04-30 07:11:30.0,0
000QML0Z0000000001K0,Mapping211,null,MTT_TEST,10,ppenthoi,,80bTjaasFejbEkQynNFnyT,0Gv5s5lKGlEgO8WUuDsX2Y,INWPF3M1V35-AAD,0.0,2024-04-30 07:14:34.0,2024-04-30 07:14:49.0,SUCCESS,0.004167,2024-04-30 08:11:35.0,0
000QML0Z0000000001K0,Mapping211,null,MTT_TEST,9,ppenthoi,,80bTjaasFejbEkQynNFnyT,0Gv5s5lKGlEgO8WUuDsX2Y,INWPF3M1V35-AAD,0.0,2024-04-30 07:13:51.0,2024-04-30 07:14:02.0,ERROR,0.003056,2024-04-30 08:11:35.0,0
000QML0Z0000000001K1,MappingTask_Sleep,null,MTT,7,ppenthoi,,80bTjaasFejbEkQynNFnyT,0Gv5s5lKGlEgO8WUuDsX2Y,INWPF3M1V35-AAD,0.0,2024-04-30 13:30:41.0,2024-04-30 13:30:58.0,ERROR,0.004722,2024-04-30 14:11:27.0,0
000QML0Z0000000001K1,MappingTask_Sleep,null,MTT,4,ppenthoi,,80bTjaasFejbEkQynNFnyT,0Gv5s5lKGlEgO8WUuDsX2Y,INWPF3M1V35-AAD,0.0,2024-04-30 13:14:42.0,2024-04-30 13:15:03.0,ERROR,0.005833,2024-04-30 14:11:27.0,0
000QML0Z0000000001K1,MappingTask_Sleep,null,MTT,5,ppenthoi,,80bTjaasFejbEkQynNFnyT,0Gv5s5lKGlEgO8WUuDsX2Y,INWPF3M1V35-AAD,0.0,2024-04-30 13:16:51.0,2024-04-30 13:17:13.0,ERROR,0.006111,2024-04-30 14:11:27.0,0
000QML0Z0000000001K1,MappingTask_Sleep,null,MTT,6,ppenthoi,,80bTjaasFejbEkQynNFnyT,0Gv5s5lKGlEgO8WUuDsX2Y,INWPF3M1V35-AAD,0.0,2024-04-30 13:26:41.0,2024-04-30 13:26:53.0,ERROR,0.003333,2024-04-30 14:11:27.0,0
000QML0Z0000000001K1,MappingTask_Sleep,null,MTT,9,ppenthoi,,80bTjaasFejbEkQynNFnyT,0Gv5s5lKGlEgO8WUuDsX2Y,INWPF3M1V35-AAD,0.0,2024-04-30 14:26:44.0,2024-04-30 14:26:52.0,ERROR,0.002222,2024-04-30 15:11:21.0,0
000QML0Z0000000001K1,MappingTask_Sleep,null,MTT,10,ppenthoi,,80bTjaasFejbEkQynNFnyT,0Gv5s5lKGlEgO8WUuDsX2Y,INWPF3M1V35-AAD,0.0,2024-04-30 14:31:51.0,2024-04-30 14:32:10.0,ERROR,0.005278,2024-04-30 15:11:21.0,0
000QML0Z0000000001K1,MappingTask_Sleep,null,MTT,8,ppenthoi,,80bTjaasFejbEkQynNFnyT,0Gv5s5lKGlEgO8WUuDsX2Y,INWPF3M1V35-AAD,0.0,2024-04-30 14:24:23.0,2024-04-30 14:24:29.0,ERROR,0.001667,2024-04-30 15:11:21.0,0
